{
"lengthUnit": "mil",
"remark": [],
"components": {
	"fields": ["COMPONENT_NO", "COMPONENT_NAME", "LAYER", "X_COORDINATE", "Y_COORDINATE", "ANGLE"],
	"rows": [
		[1, "C9", "T", 690, -130, 90],
		[2, "C12", "T", -5, 130, 270],
		[3, "C13", "T", 65, 130, 270],
		[4, "C14", "T", -250, 130, 270],
		[5, "C30", "T", -320, -240, 270],
		[6, "C31", "T", -320, -105, 90],
		[7, "C68", "T", 170, 25, 0],
		[8, "C69", "T", 170, 235, 0],
		[9, "H1", "T", 550, -345, 0],
		[10, "H2", "T", 540, 345, 0],
		[11, "LED1", "T", 350, -130, 270],
		[12, "LED2", "T", 555, -130, 270],
		[13, "LED5", "T", 80, -250, 90],
		[14, "LED6", "T", -5, -250, 90],
		[15, "R1", "T", -580, -270, 90],
		[16, "R2", "T", 280, -130, 90],
		[17, "R4", "T", 35, 25, 180],
		[18, "R5", "T", 625, -130, 90],
		[19, "R6", "T", 420, -130, 270],
		[20, "R7", "T", 485, -130, 270],
		[21, "R8", "T", -95, 25, 180],
		[22, "R9", "T", -225, 25, 180],
		[23, "R46", "T", -460, -105, 180],
		[24, "R47", "T", -460, 340, 180],
		[25, "R48", "T", -5, -130, 90],
		[26, "R49", "T", 80, -130, 90],
		[27, "R50", "T", 140, 130, 270],
		[28, "R51", "T", 200, 130, 270],
		[29, "R52", "T", 215, -130, 270],
		[30, "R53", "T", 150, -130, 270],
		[31, "SW1", "T", -460, -265, 270],
		[32, "SW2", "T", 850, -125, 0],
		[33, "SW3", "T", -120, 310, 180],
		[34, "U1", "T", -655, 0, 90],
		[35, "U2", "T", 440, 115, 0],
		[36, "U3", "T", 1030, 0, 0],
		[37, "U4", "T", 795, 115, 0],
		[38, "U5", "T", -130, 130, 0],
		[39, "U6", "T", -460, 115, 90],
		[40, "U7", "T", -165, -175, 180],
		[41, "U99", "B", -300, -194.9999, 0],
		[42, "U100", "B", -300.889, -283.0149, 0],
		[43, "PAD1", "T", -320, -267.56, 0],
		[44, "PAD2", "T", -320, -212.44, 0],
		[45, "PAD3", "T", -320, -77.44, 0],
		[46, "PAD4", "T", -320, -132.56, 0],
		[47, "PAD5", "T", 197.56, 25, 0],
		[48, "PAD6", "T", 142.44, 25, 0],
		[49, "PAD7", "T", 197.56, 235, 0],
		[50, "PAD8", "T", 142.44, 235, 0],
		[51, "PAD9", "T", 349.6, -96.5, 0],
		[52, "PAD10", "T", 349.8, -159.5, 0],
		[53, "PAD11", "T", 554.6, -96.5, 0],
		[54, "PAD12", "T", 554.8, -159.5, 0],
		[55, "PAD13", "T", 80.4, -283.5, 0],
		[56, "PAD14", "T", 80.2, -220.5, 0],
		[57, "PAD15", "T", -4.6, -283.5, 0],
		[58, "PAD16", "T", -4.8, -220.5, 0],
		[59, "PAD17", "T", -580, -240.34, 0],
		[60, "PAD18", "T", -580, -299.66, 0],
		[61, "PAD19", "T", 280, -100.34, 0],
		[62, "PAD20", "T", 280, -159.66, 0],
		[63, "PAD21", "T", 5.34, 25, 0],
		[64, "PAD22", "T", 64.66, 25, 0],
		[65, "PAD23", "T", 625, -100.34, 0],
		[66, "PAD24", "T", 625, -159.66, 0],
		[67, "PAD25", "T", 420, -159.66, 0],
		[68, "PAD26", "T", 420, -100.34, 0],
		[69, "PAD27", "T", 485, -159.66, 0],
		[70, "PAD28", "T", 485, -100.34, 0],
		[71, "PAD29", "T", -124.66, 25, 0],
		[72, "PAD30", "T", -65.34, 25, 0],
		[73, "PAD31", "T", -254.66, 25, 0],
		[74, "PAD32", "T", -195.34, 25, 0],
		[75, "PAD33", "T", -489.66, -105, 0],
		[76, "PAD34", "T", -430.34, -105, 0],
		[77, "PAD35", "T", -489.66, 340, 0],
		[78, "PAD36", "T", -430.34, 340, 0],
		[79, "PAD37", "T", -5, -100.34, 0],
		[80, "PAD38", "T", -5, -159.66, 0],
		[81, "PAD39", "T", 80, -100.34, 0],
		[82, "PAD40", "T", 80, -159.66, 0],
		[83, "PAD41", "T", 140, 100.34, 0],
		[84, "PAD42", "T", 140, 159.66, 0],
		[85, "PAD43", "T", 200, 100.34, 0],
		[86, "PAD44", "T", 200, 159.66, 0],
		[87, "PAD45", "T", -460, -184.88, 0],
		[88, "PAD46", "T", -460, -345.12, 0],
		[89, "PAD47", "T", 769.88, -125, 0],
		[90, "PAD48", "T", 930.12, -125, 0],
		[91, "PAD49", "T", -41.26, 310, 0],
		[92, "PAD49", "B", -41.26, 310, 0],
		[93, "PAD50", "T", -120, 310, 0],
		[94, "PAD50", "B", -120, 310, 0],
		[95, "PAD51", "T", -1050, -305, 0],
		[96, "PAD52", "T", -1150, -305, 0],
		[97, "PAD53", "T", -700, -305, 0],
		[98, "PAD54", "T", -1200, -305, 0],
		[99, "PAD55", "T", -1100, -305, 0],
		[100, "PAD56", "T", -1000, -305, 0],
		[101, "PAD57", "T", -700, 305, 0],
		[102, "PAD58", "T", -1200, 305, 0],
		[103, "PAD59", "T", 265, 1.91, 0],
		[104, "PAD60", "T", 315, 1.91, 0],
		[105, "PAD61", "T", 365, 1.91, 0],
		[106, "PAD62", "T", 415, 1.91, 0],
		[107, "PAD63", "T", 465, 1.91, 0],
		[108, "PAD64", "T", 515, 1.91, 0],
		[109, "PAD65", "T", 265, 228.09, 0],
		[110, "PAD66", "T", -181.185, 92.6, 0],
		[111, "PAD67", "T", -181.185, 167.4, 0],
		[112, "PAD68", "T", -78.815, 167.4, 0],
		[113, "PAD69", "T", -78.815, 130, 0],
		[114, "PAD70", "T", -78.815, 92.6, 0],
		[115, "PAD71", "T", 679.84, 1.97, 0],
		[116, "PAD72", "T", 705.43, 1.97, 0],
		[117, "PAD73", "T", 731.02, 1.97, 0],
		[118, "PAD74", "T", 756.61, 1.97, 0],
		[119, "PAD75", "T", 782.21, 1.97, 0],
		[120, "PAD76", "T", 807.8, 1.97, 0],
		[121, "PAD77", "T", 833.39, 1.97, 0],
		[122, "PAD78", "T", 858.98, 1.97, 0],
		[123, "PAD79", "T", 884.57, 1.97, 0],
		[124, "PAD80", "T", 910.16, 1.97, 0],
		[125, "PAD81", "T", 679.84, 228.03, 0],
		[126, "PAD82", "T", 705.43, 228.03, 0],
		[127, "PAD83", "T", 731.02, 228.03, 0],
		[128, "PAD84", "T", 756.61, 228.03, 0],
		[129, "PAD85", "T", 782.21, 228.03, 0],
		[130, "PAD86", "T", 807.8, 228.03, 0],
		[131, "PAD87", "T", 833.39, 228.03, 0],
		[132, "PAD88", "T", 858.98, 228.03, 0],
		[133, "PAD89", "T", 884.57, 228.03, 0],
		[134, "PAD90", "T", 910.16, 228.03, 0],
		[135, "PAD91", "T", -90, -60.5, 0],
		[136, "PAD92", "T", -140, -60.5, 0],
		[137, "PAD93", "T", -190, -60.5, 0],
		[138, "PAD94", "T", -240, -60.5, 0],
		[139, "PAD95", "T", -240, -289.5, 0],
		[140, "PAD96", "T", -190, -289.5, 0],
		[141, "PAD97", "T", -140, -289.5, 0],
		[142, "PAD98", "T", -90, -289.5, 0],
		[143, "PAD99", "T", -165, -175, 0],
		[144, "PAD100", "T", -486.57, -36.575, 0],
		[145, "PAD100", "B", -486.57, -36.575, 0],
		[146, "PAD101", "T", -486.57, 6.725, 0],
		[147, "PAD101", "B", -486.57, 6.725, 0],
		[148, "PAD102", "T", -486.57, 50.035, 0],
		[149, "PAD102", "B", -486.57, 50.035, 0],
		[150, "PAD103", "T", -486.57, 93.345, 0],
		[151, "PAD103", "B", -486.57, 93.345, 0],
		[152, "PAD104", "T", -486.57, 136.645, 0],
		[153, "PAD104", "B", -486.57, 136.645, 0],
		[154, "PAD105", "T", -486.57, 223.265, 0],
		[155, "PAD105", "B", -486.57, 223.265, 0],
		[156, "PAD106", "T", -486.57, 266.575, 0],
		[157, "PAD106", "B", -486.57, 266.575, 0],
		[158, "PAD107", "T", -433.42, 266.575, 0],
		[159, "PAD107", "B", -433.42, 266.575, 0],
		[160, "PAD108", "T", -433.42, 223.265, 0],
		[161, "PAD108", "B", -433.42, 223.265, 0],
		[162, "PAD109", "T", -433.42, 179.955, 0],
		[163, "PAD109", "B", -433.42, 179.955, 0],
		[164, "PAD110", "T", -433.42, 136.645, 0],
		[165, "PAD110", "B", -433.42, 136.645, 0],
		[166, "PAD111", "T", -433.42, 93.345, 0],
		[167, "PAD111", "B", -433.42, 93.345, 0],
		[168, "PAD112", "T", -433.42, 6.725, 0],
		[169, "PAD112", "B", -433.42, 6.725, 0],
		[170, "PAD113", "T", -433.42, -36.575, 0],
		[171, "PAD113", "B", -433.42, -36.575, 0],
		[172, "PAD114", "T", -544.65, 213.425, 0],
		[173, "PAD114", "B", -544.65, 213.425, 0],
		[174, "PAD115", "T", -544.65, 16.575, 0],
		[175, "PAD115", "B", -544.65, 16.575, 0],
		[176, "PAD116", "T", -375.35, 16.575, 0],
		[177, "PAD116", "B", -375.35, 16.575, 0],
		[178, "PAD117", "T", -375.35, 213.425, 0],
		[179, "PAD117", "B", -375.35, 213.425, 0],
		[180, "PAD118", "B", -300, -194.9999, 0],
		[181, "PAD119", "B", -300.889, -283.0149, 0],
		[182, "PAD120", "T", 690, -102.44, 0],
		[183, "PAD121", "T", 690, -157.56, 0],
		[184, "PAD122", "T", -5, 102.44, 0],
		[185, "PAD123", "T", -5, 157.56, 0],
		[186, "PAD124", "T", 65, 102.44, 0],
		[187, "PAD125", "T", 65, 157.56, 0],
		[188, "PAD126", "T", -250, 102.44, 0],
		[189, "PAD127", "T", -250, 157.56, 0],
		[190, "PAD128", "T", 200, -345, 0],
		[191, "PAD128", "B", 200, -345, 0],
		[192, "PAD129", "T", 300, -345, 0],
		[193, "PAD129", "B", 300, -345, 0],
		[194, "PAD130", "T", 400, -345, 0],
		[195, "PAD130", "B", 400, -345, 0],
		[196, "PAD131", "T", 500, -345, 0],
		[197, "PAD131", "B", 500, -345, 0],
		[198, "PAD132", "T", 600, -345, 0],
		[199, "PAD132", "B", 600, -345, 0],
		[200, "PAD133", "T", 700, -345, 0],
		[201, "PAD133", "B", 700, -345, 0],
		[202, "PAD134", "T", 800, -345, 0],
		[203, "PAD134", "B", 800, -345, 0],
		[204, "PAD135", "T", 900, -345, 0],
		[205, "PAD135", "B", 900, -345, 0],
		[206, "PAD136", "T", 190, 345, 0],
		[207, "PAD136", "B", 190, 345, 0],
		[208, "PAD137", "T", 290, 345, 0],
		[209, "PAD137", "B", 290, 345, 0],
		[210, "PAD138", "T", 390, 345, 0],
		[211, "PAD138", "B", 390, 345, 0],
		[212, "PAD139", "T", 490, 345, 0],
		[213, "PAD139", "B", 490, 345, 0],
		[214, "PAD140", "T", 590, 345, 0],
		[215, "PAD140", "B", 590, 345, 0],
		[216, "PAD141", "T", 690, 345, 0],
		[217, "PAD141", "B", 690, 345, 0],
		[218, "PAD142", "T", 790, 345, 0],
		[219, "PAD142", "B", 790, 345, 0],
		[220, "PAD143", "T", 890, 345, 0],
		[221, "PAD143", "B", 890, 345, 0],
		[222, "PAD144", "T", 215, -159.66, 0],
		[223, "PAD145", "T", 215, -100.34, 0],
		[224, "PAD146", "T", 150, -159.66, 0],
		[225, "PAD147", "T", 150, -100.34, 0],
		[226, "PAD148", "T", 1029.3701, 175.1967, 0],
		[227, "PAD149", "T", 1029.3701, 125.1967, 0],
		[228, "PAD150", "T", 1029.3701, 75.1967, 0],
		[229, "PAD151", "T", 1029.3701, 25.1967, 0],
		[230, "PAD152", "T", 1029.3701, -24.8033, 0],
		[231, "PAD153", "T", 1029.3701, -74.8033, 0],
		[232, "PAD154", "T", 1029.3701, -124.8033, 0],
		[233, "PAD155", "T", 1029.3701, -174.8033, 0]
	]
},
"pins": {
	"fields": ["PIN_NO", "PIN_NAME", "PIN_X", "PIN_Y", "LAYER", "PIN_TYPE", "NET_NAME", "NET_TYPE", "PAD_SHAPE", "PAD_SIZEX", "PAD_SIZEY", "HOLE_SIZE", "HOLE_LEN", "PAD_ANGLE"],
	"rows": [
		[1, "C9_1", 690, -157.56, "T", "SMD", "GND", "GND", "R", 31.496, 35.433, 0, 0, 90],
		[2, "C9_2", 690, -102.44, "T", "SMD", "NRST", "", "R", 31.496, 35.433, 0, 0, 90],
		[3, "C12_1", -5, 157.56, "T", "SMD", "GND", "GND", "R", 31.496, 35.433, 0, 0, 270],
		[4, "C12_2", -5, 102.44, "T", "SMD", "4V2", "", "R", 31.496, 35.433, 0, 0, 270],
		[5, "C13_1", 65, 157.56, "T", "SMD", "GND", "GND", "R", 31.496, 35.433, 0, 0, 270],
		[6, "C13_2", 65, 102.44, "T", "SMD", "4V2", "", "R", 31.496, 35.433, 0, 0, 270],
		[7, "C14_1", -250, 157.56, "T", "SMD", "GND", "GND", "R", 31.496, 35.433, 0, 0, 270],
		[8, "C14_2", -250, 102.44, "T", "SMD", "3V3", "", "R", 31.496, 35.433, 0, 0, 270],
		[9, "C30_1", -320, -212.44, "T", "SMD", "GND", "GND", "R", 31.496, 35.433, 0, 0, 270],
		[10, "C30_2", -320, -267.56, "T", "SMD", "VBAT", "", "R", 31.496, 35.433, 0, 0, 270],
		[11, "C31_1", -320, -132.56, "T", "SMD", "GND", "GND", "R", 31.496, 35.433, 0, 0, 90],
		[12, "C31_2", -320, -77.44, "T", "SMD", "5V", "", "R", 31.496, 35.433, 0, 0, 90],
		[13, "C68_1", 142.44, 25, "T", "SMD", "GND", "GND", "R", 31.496, 35.433, 0, 0, 0],
		[14, "C68_2", 197.56, 25, "T", "SMD", "3V3", "", "R", 31.496, 35.433, 0, 0, 0],
		[15, "C69_1", 142.44, 235, "T", "SMD", "GND", "GND", "R", 31.496, 35.433, 0, 0, 0],
		[16, "C69_2", 197.56, 235, "T", "SMD", "3V3", "", "R", 31.496, 35.433, 0, 0, 0],
		[17, "H1_1", 200, -345, "T", "DIP", "3V3", "", "R", 70.866, 70.866, 47.244, 47.244, 0],
		[18, "H1_1", 200, -345, "B", "DIP", "3V3", "", "R", 70.866, 70.866, 47.244, 47.244, 0],
		[19, "H1_2", 300, -345, "T", "DIP", "UWB_INT", "", "C", 70.866, 70.866, 47.244, 47.244, 0],
		[20, "H1_2", 300, -345, "B", "DIP", "UWB_INT", "", "C", 70.866, 70.866, 47.244, 47.244, 0],
		[21, "H1_3", 400, -345, "T", "DIP", "UWB_SLEEP", "", "C", 70.866, 70.866, 47.244, 47.244, 0],
		[22, "H1_3", 400, -345, "B", "DIP", "UWB_SLEEP", "", "C", 70.866, 70.866, 47.244, 47.244, 0],
		[23, "H1_4", 500, -345, "T", "DIP", "LED1", "", "C", 70.866, 70.866, 47.244, 47.244, 0],
		[24, "H1_4", 500, -345, "B", "DIP", "LED1", "", "C", 70.866, 70.866, 47.244, 47.244, 0],
		[25, "H1_5", 600, -345, "T", "DIP", "LED2", "", "C", 70.866, 70.866, 47.244, 47.244, 0],
		[26, "H1_5", 600, -345, "B", "DIP", "LED2", "", "C", 70.866, 70.866, 47.244, 47.244, 0],
		[27, "H1_6", 700, -345, "T", "DIP", "UWB_TX", "", "C", 70.866, 70.866, 47.244, 47.244, 0],
		[28, "H1_6", 700, -345, "B", "DIP", "UWB_TX", "", "C", 70.866, 70.866, 47.244, 47.244, 0],
		[29, "H1_7", 800, -345, "T", "DIP", "UWB_RX", "", "C", 70.866, 70.866, 47.244, 47.244, 0],
		[30, "H1_7", 800, -345, "B", "DIP", "UWB_RX", "", "C", 70.866, 70.866, 47.244, 47.244, 0],
		[31, "H1_8", 900, -345, "T", "DIP", "GND", "GND", "C", 70.866, 70.866, 47.244, 47.244, 0],
		[32, "H1_8", 900, -345, "B", "DIP", "GND", "GND", "C", 70.866, 70.866, 47.244, 47.244, 0],
		[33, "H2_1", 190, 345, "T", "DIP", "3V3", "", "R", 70.866, 70.866, 47.244, 47.244, 0],
		[34, "H2_1", 190, 345, "B", "DIP", "3V3", "", "R", 70.866, 70.866, 47.244, 47.244, 0],
		[35, "H2_2", 290, 345, "T", "DIP", "UART1_RX", "", "C", 70.866, 70.866, 47.244, 47.244, 0],
		[36, "H2_2", 290, 345, "B", "DIP", "UART1_RX", "", "C", 70.866, 70.866, 47.244, 47.244, 0],
		[37, "H2_3", 390, 345, "T", "DIP", "UART1_TX", "", "C", 70.866, 70.866, 47.244, 47.244, 0],
		[38, "H2_3", 390, 345, "B", "DIP", "UART1_TX", "", "C", 70.866, 70.866, 47.244, 47.244, 0],
		[39, "H2_4", 490, 345, "T", "DIP", "SWCLK", "", "C", 70.866, 70.866, 47.244, 47.244, 0],
		[40, "H2_4", 490, 345, "B", "DIP", "SWCLK", "", "C", 70.866, 70.866, 47.244, 47.244, 0],
		[41, "H2_5", 590, 345, "T", "DIP", "SWDIO", "", "C", 70.866, 70.866, 47.244, 47.244, 0],
		[42, "H2_5", 590, 345, "B", "DIP", "SWDIO", "", "C", 70.866, 70.866, 47.244, 47.244, 0],
		[43, "H2_6", 690, 345, "T", "DIP", "GPIO1", "", "C", 70.866, 70.866, 47.244, 47.244, 0],
		[44, "H2_6", 690, 345, "B", "DIP", "GPIO1", "", "C", 70.866, 70.866, 47.244, 47.244, 0],
		[45, "H2_7", 790, 345, "T", "DIP", "GPIO2", "", "C", 70.866, 70.866, 47.244, 47.244, 0],
		[46, "H2_7", 790, 345, "B", "DIP", "GPIO2", "", "C", 70.866, 70.866, 47.244, 47.244, 0],
		[47, "H2_8", 890, 345, "T", "DIP", "GND", "GND", "C", 70.866, 70.866, 47.244, 47.244, 0],
		[48, "H2_8", 890, 345, "B", "DIP", "GND", "GND", "C", 70.866, 70.866, 47.244, 47.244, 0],
		[49, "LED1_1", 349.6, -96.5, "T", "SMD", "LED1", "", "R", 31.5, 31.5, 0, 0, 0],
		[50, "LED1_2", 349.8, -159.5, "T", "SMD", "$1N2070", "", "R", 31.5, 31.5, 0, 0, 0],
		[51, "LED2_1", 554.6, -96.5, "T", "SMD", "LED2", "", "R", 31.5, 31.5, 0, 0, 0],
		[52, "LED2_2", 554.8, -159.5, "T", "SMD", "$1N2071", "", "R", 31.5, 31.5, 0, 0, 0],
		[53, "LED5_1", 80.4, -283.5, "T", "SMD", "$1N3136", "", "R", 31.5, 31.5, 0, 0, 180],
		[54, "LED5_2", 80.2, -220.5, "T", "SMD", "$1N3145", "", "R", 31.5, 31.5, 0, 0, 180],
		[55, "LED6_1", -4.6, -283.5, "T", "SMD", "$1N3135", "", "R", 31.5, 31.5, 0, 0, 180],
		[56, "LED6_2", -4.8, -220.5, "T", "SMD", "$1N3139", "", "R", 31.5, 31.5, 0, 0, 180],
		[57, "R1_1", -580, -299.66, "T", "SMD", "$1N736", "", "R", 31.751, 34.016, 0, 0, 90],
		[58, "R1_2", -580, -240.34, "T", "SMD", "GND", "GND", "R", 31.751, 34.016, 0, 0, 90],
		[59, "R2_1", 280, -159.66, "T", "SMD", "UWB_SLEEP", "", "R", 31.751, 34.016, 0, 0, 90],
		[60, "R2_2", 280, -100.34, "T", "SMD", "GND", "GND", "R", 31.751, 34.016, 0, 0, 90],
		[61, "R4_1", 64.66, 25, "T", "SMD", "GND", "GND", "R", 31.751, 34.016, 0, 0, 180],
		[62, "R4_2", 5.34, 25, "T", "SMD", "$1N3128", "", "R", 31.751, 34.016, 0, 0, 180],
		[63, "R5_1", 625, -159.66, "T", "SMD", "3V3", "", "R", 31.751, 34.016, 0, 0, 90],
		[64, "R5_2", 625, -100.34, "T", "SMD", "NRST", "", "R", 31.751, 34.016, 0, 0, 90],
		[65, "R6_1", 420, -100.34, "T", "SMD", "3V3", "", "R", 31.751, 34.016, 0, 0, 270],
		[66, "R6_2", 420, -159.66, "T", "SMD", "$1N2070", "", "R", 31.751, 34.016, 0, 0, 270],
		[67, "R7_1", 485, -100.34, "T", "SMD", "3V3", "", "R", 31.751, 34.016, 0, 0, 270],
		[68, "R7_2", 485, -159.66, "T", "SMD", "$1N2071", "", "R", 31.751, 34.016, 0, 0, 270],
		[69, "R8_1", -65.34, 25, "T", "SMD", "GND", "GND", "R", 31.751, 34.016, 0, 0, 180],
		[70, "R8_2", -124.66, 25, "T", "SMD", "ADC_BAT", "", "R", 31.751, 34.016, 0, 0, 180],
		[71, "R9_1", -195.34, 25, "T", "SMD", "ADC_BAT", "", "R", 31.751, 34.016, 0, 0, 180],
		[72, "R9_2", -254.66, 25, "T", "SMD", "VBAT", "", "R", 31.751, 34.016, 0, 0, 180],
		[73, "R46_1", -430.34, -105, "T", "SMD", "GND", "GND", "R", 31.751, 34.016, 0, 0, 180],
		[74, "R46_2", -489.66, -105, "T", "SMD", "$1N2718", "", "R", 31.751, 34.016, 0, 0, 180],
		[75, "R47_1", -430.34, 340, "T", "SMD", "$1N2719", "", "R", 31.751, 34.016, 0, 0, 180],
		[76, "R47_2", -489.66, 340, "T", "SMD", "GND", "GND", "R", 31.751, 34.016, 0, 0, 180],
		[77, "R48_1", -5, -159.66, "T", "SMD", "$1N3139", "", "R", 31.751, 34.016, 0, 0, 90],
		[78, "R48_2", -5, -100.34, "T", "SMD", "5V", "", "R", 31.751, 34.016, 0, 0, 90],
		[79, "R49_1", 80, -159.66, "T", "SMD", "$1N3145", "", "R", 31.751, 34.016, 0, 0, 90],
		[80, "R49_2", 80, -100.34, "T", "SMD", "5V", "", "R", 31.751, 34.016, 0, 0, 90],
		[81, "R50_1", 140, 159.66, "T", "SMD", "UART1_RX", "", "R", 31.751, 34.016, 0, 0, 270],
		[82, "R50_2", 140, 100.34, "T", "SMD", "CH340_TX", "", "R", 31.751, 34.016, 0, 0, 270],
		[83, "R51_1", 200, 159.66, "T", "SMD", "UART1_TX", "", "R", 31.751, 34.016, 0, 0, 270],
		[84, "R51_2", 200, 100.34, "T", "SMD", "CH340_RX", "", "R", 31.751, 34.016, 0, 0, 270],
		[85, "R52_1", 215, -100.34, "T", "SMD", "UWB_TX", "", "R", 31.751, 34.016, 0, 0, 270],
		[86, "R52_2", 215, -159.66, "T", "SMD", "MK8000_RX", "", "R", 31.751, 34.016, 0, 0, 270],
		[87, "R53_1", 150, -100.34, "T", "SMD", "UWB_RX", "", "R", 31.751, 34.016, 0, 0, 270],
		[88, "R53_2", 150, -159.66, "T", "SMD", "MK8000_TX", "", "R", 31.751, 34.016, 0, 0, 270],
		[89, "SW1_1", -460, -184.88, "T", "SMD", "UWB_RESET", "", "R", 60.236, 53.543, 0, 0, 270],
		[90, "SW1_2", -460, -345.12, "T", "SMD", "$1N736", "", "R", 60.236, 53.543, 0, 0, 270],
		[91, "SW2_1", 769.88, -125, "T", "SMD", "NRST", "", "R", 60.236, 53.543, 0, 0, 0],
		[92, "SW2_2", 930.12, -125, "T", "SMD", "GND", "GND", "R", 60.236, 53.543, 0, 0, 0],
		[93, "SW3_1", -41.26, 310, "T", "DIP", "4V2", "", "C", 60, 60, 36, 36, 180],
		[94, "SW3_1", -41.26, 310, "B", "DIP", "4V2", "", "C", 60, 60, 36, 36, 180],
		[95, "SW3_2", -120, 310, "T", "DIP", "VBAT", "", "C", 60, 60, 36, 36, 180],
		[96, "SW3_2", -120, 310, "B", "DIP", "VBAT", "", "C", 60, 60, 36, 36, 180],
		[97, "SW3_3", -198.74, 310, "T", "DIP", "NET_1", "", "C", 60, 60, 36, 36, 180],
		[98, "SW3_3", -198.74, 310, "B", "DIP", "NET_1", "", "C", 60, 60, 36, 36, 180],
		[99, "SW3_4", -283.39, 310, "T", "DIP", "NET_2", "", "O", 55.118, 86.614, 31.496, 62.992, 180],
		[100, "SW3_4", -283.39, 310, "B", "DIP", "NET_2", "", "O", 55.118, 86.614, 31.496, 62.992, 180],
		[101, "SW3_5", 43.39, 310, "T", "DIP", "NET_3", "", "O", 55.118, 86.614, 31.496, 62.992, 180],
		[102, "SW3_5", 43.39, 310, "B", "DIP", "NET_3", "", "O", 55.118, 86.614, 31.496, 62.992, 180],
		[103, "U1_1", -1200, -305, "T", "SMD", "GND", "GND", "O", 35.4331, 78.7402, 0, 0, 0],
		[104, "U1_2", -1150, -305, "T", "SMD", "GND", "GND", "O", 35.4331, 78.7402, 0, 0, 0],
		[105, "U1_3", -1100, -305, "T", "SMD", "UWB_RESET", "", "O", 35.4331, 78.7402, 0, 0, 0],
		[106, "U1_4", -1050, -305, "T", "SMD", "MK8000_RX", "", "O", 35.4331, 78.7402, 0, 0, 0],
		[107, "U1_5", -1000, -305, "T", "SMD", "MK8000_TX", "", "O", 35.4331, 78.7402, 0, 0, 0],
		[108, "U1_6", -950, -305, "T", "SMD", "NET_4", "", "O", 35.4331, 78.7402, 0, 0, 0],
		[109, "U1_7", -900, -305, "T", "SMD", "NET_5", "", "O", 35.4331, 78.7402, 0, 0, 0],
		[110, "U1_8", -850, -305, "T", "SMD", "NET_6", "", "O", 35.4331, 78.7402, 0, 0, 0],
		[111, "U1_9", -800, -305, "T", "SMD", "NET_7", "", "O", 35.4331, 78.7402, 0, 0, 0],
		[112, "U1_10", -750, -305, "T", "SMD", "NET_8", "", "O", 35.4331, 78.7402, 0, 0, 0],
		[113, "U1_11", -700, -305, "T", "SMD", "3V3", "", "O", 35.4331, 78.7402, 0, 0, 0],
		[114, "U1_12", -1200, 305, "T", "SMD", "UWB_SLEEP", "", "O", 35.4331, 78.7402, 0, 0, 0],
		[115, "U1_13", -1150, 305, "T", "SMD", "NET_9", "", "O", 35.4331, 78.7402, 0, 0, 0],
		[116, "U1_14", -1100, 305, "T", "SMD", "NET_10", "", "O", 35.4331, 78.7402, 0, 0, 0],
		[117, "U1_15", -1050, 305, "T", "SMD", "NET_11", "", "O", 35.4331, 78.7402, 0, 0, 0],
		[118, "U1_16", -1000, 305, "T", "SMD", "NET_12", "", "O", 35.4331, 78.7402, 0, 0, 0],
		[119, "U1_17", -950, 305, "T", "SMD", "NET_13", "", "O", 35.4331, 78.7402, 0, 0, 0],
		[120, "U1_18", -900, 305, "T", "SMD", "NET_14", "", "O", 35.4331, 78.7402, 0, 0, 0],
		[121, "U1_19", -850, 305, "T", "SMD", "NET_15", "", "O", 35.4331, 78.7402, 0, 0, 0],
		[122, "U1_20", -800, 305, "T", "SMD", "NET_16", "", "O", 35.4331, 78.7402, 0, 0, 0],
		[123, "U1_21", -750, 305, "T", "SMD", "NET_17", "", "O", 35.4331, 78.7402, 0, 0, 0],
		[124, "U1_22", -700, 305, "T", "SMD", "UWB_INT", "", "O", 35.4331, 78.7402, 0, 0, 0],
		[125, "U2_1", 265, 1.91, "T", "SMD", "GND", "GND", "O", 22.047, 68.701, 0, 0, 0],
		[126, "U2_2", 315, 1.91, "T", "SMD", "CH340_TX", "", "O", 22.047, 68.701, 0, 0, 0],
		[127, "U2_3", 365, 1.91, "T", "SMD", "CH340_RX", "", "O", 22.047, 68.701, 0, 0, 0],
		[128, "U2_4", 415, 1.91, "T", "SMD", "3V3", "", "O", 22.047, 68.701, 0, 0, 0],
		[129, "U2_5", 465, 1.91, "T", "SMD", "USB_DP", "", "O", 22.047, 68.701, 0, 0, 0],
		[130, "U2_6", 515, 1.91, "T", "SMD", "USB_DM", "", "O", 22.047, 68.701, 0, 0, 0],
		[131, "U2_7", 565, 1.91, "T", "SMD", "NET_18", "", "O", 22.047, 68.701, 0, 0, 0],
		[132, "U2_8", 615, 1.91, "T", "SMD", "NET_19", "", "O", 22.047, 68.701, 0, 0, 0],
		[133, "U2_9", 615, 228.09, "T", "SMD", "NET_20", "", "O", 22.047, 68.701, 0, 0, 0],
		[134, "U2_10", 565, 228.09, "T", "SMD", "NET_21", "", "O", 22.047, 68.701, 0, 0, 0],
		[135, "U2_11", 515, 228.09, "T", "SMD", "NET_22", "", "O", 22.047, 68.701, 0, 0, 0],
		[136, "U2_12", 465, 228.09, "T", "SMD", "NET_23", "", "O", 22.047, 68.701, 0, 0, 0],
		[137, "U2_13", 415, 228.09, "T", "SMD", "NET_24", "", "O", 22.047, 68.701, 0, 0, 0],
		[138, "U2_14", 365, 228.09, "T", "SMD", "NET_25", "", "O", 22.047, 68.701, 0, 0, 0],
		[139, "U2_15", 315, 228.09, "T", "SMD", "NET_26", "", "O", 22.047, 68.701, 0, 0, 0],
		[140, "U2_16", 265, 228.09, "T", "SMD", "3V3", "", "O", 22.047, 68.701, 0, 0, 0],
		[141, "U3_1", 1029.3701, 175.1967, "T", "SMD", "3V3", "", "P", 78.7402, 39.3701, 0, 0, 180],
		[142, "U3_2", 1029.3701, 125.1967, "T", "SMD", "G01_CE", "", "P", 78.7402, 39.3701, 0, 0, 180],
		[143, "U3_3", 1029.3701, 75.1967, "T", "SMD", "G01_CS", "", "P", 78.7402, 39.3701, 0, 0, 180],
		[144, "U3_4", 1029.3701, 25.1967, "T", "SMD", "G01_SCK", "", "P", 78.7402, 39.3701, 0, 0, 180],
		[145, "U3_5", 1029.3701, -24.8033, "T", "SMD", "G01_MOSI", "", "P", 78.7402, 39.3701, 0, 0, 180],
		[146, "U3_6", 1029.3701, -74.8033, "T", "SMD", "G01_MISO", "", "P", 78.7402, 39.3701, 0, 0, 180],
		[147, "U3_7", 1029.3701, -124.8033, "T", "SMD", "G01_IRQ", "", "P", 78.7402, 39.3701, 0, 0, 180],
		[148, "U3_8", 1029.3701, -174.8033, "T", "SMD", "GND", "GND", "P", 78.7402, 39.3701, 0, 0, 180],
		[149, "U4_1", 679.84, 1.97, "T", "SMD", "UART1_RX", "", "O", 14.331, 68.583, 0, 0, 0],
		[150, "U4_2", 705.43, 1.97, "T", "SMD", "LED1", "", "O", 14.331, 68.583, 0, 0, 0],
		[151, "U4_3", 731.02, 1.97, "T", "SMD", "LED2", "", "O", 14.331, 68.583, 0, 0, 0],
		[152, "U4_4", 756.61, 1.97, "T", "SMD", "3V3", "", "O", 14.331, 68.583, 0, 0, 0],
		[153, "U4_5", 782.21, 1.97, "T", "SMD", "GND", "GND", "O", 14.331, 68.583, 0, 0, 0],
		[154, "U4_6", 807.8, 1.97, "T", "SMD", "NRST", "", "O", 14.331, 68.583, 0, 0, 0],
		[155, "U4_7", 833.39, 1.97, "T", "SMD", "ADC_BAT", "", "O", 14.331, 68.583, 0, 0, 0],
		[156, "U4_8", 858.98, 1.97, "T", "SMD", "G01_IRQ", "", "O", 14.331, 68.583, 0, 0, 0],
		[157, "U4_9", 884.57, 1.97, "T", "SMD", "UWB_TX", "", "O", 14.331, 68.583, 0, 0, 0],
		[158, "U4_10", 910.16, 1.97, "T", "SMD", "UWB_RX", "", "O", 14.331, 68.583, 0, 0, 0],
		[159, "U4_11", 910.16, 228.03, "T", "SMD", "G01_CS", "", "O", 14.331, 68.583, 0, 0, 0],
		[160, "U4_12", 884.57, 228.03, "T", "SMD", "G01_SCK", "", "O", 14.331, 68.583, 0, 0, 0],
		[161, "U4_13", 858.98, 228.03, "T", "SMD", "G01_MISO", "", "O", 14.331, 68.583, 0, 0, 0],
		[162, "U4_14", 833.39, 228.03, "T", "SMD", "G01_MOSI", "", "O", 14.331, 68.583, 0, 0, 0],
		[163, "U4_15", 807.8, 228.03, "T", "SMD", "GPIO2", "", "O", 14.331, 68.583, 0, 0, 0],
		[164, "U4_16", 782.21, 228.03, "T", "SMD", "GPIO1", "", "O", 14.331, 68.583, 0, 0, 0],
		[165, "U4_17", 756.61, 228.03, "T", "SMD", "G01_CE", "", "O", 14.331, 68.583, 0, 0, 0],
		[166, "U4_18", 731.02, 228.03, "T", "SMD", "SWDIO", "", "O", 14.331, 68.583, 0, 0, 0],
		[167, "U4_19", 705.43, 228.03, "T", "SMD", "SWCLK", "", "O", 14.331, 68.583, 0, 0, 0],
		[168, "U4_20", 679.84, 228.03, "T", "SMD", "UART1_TX", "", "O", 14.331, 68.583, 0, 0, 0],
		[169, "U5_1", -78.815, 92.6, "T", "SMD", "4V2", "", "R", 39.37, 23.622, 0, 0, 0],
		[170, "U5_2", -78.815, 130, "T", "SMD", "GND", "GND", "R", 39.37, 23.622, 0, 0, 0],
		[171, "U5_3", -78.815, 167.4, "T", "SMD", "4V2", "", "R", 39.37, 23.622, 0, 0, 0],
		[172, "U5_4", -181.185, 167.4, "T", "SMD", "GND", "GND", "R", 39.37, 23.622, 0, 0, 0],
		[173, "U5_5", -181.185, 92.6, "T", "SMD", "3V3", "", "R", 39.37, 23.622, 0, 0, 0],
		[174, "U6_17", -544.65, 213.425, "T", "DIP", "GND", "GND", "O", 70.866, 39.37, 23.622, 53.741, 90],
		[175, "U6_17", -544.65, 213.425, "B", "DIP", "GND", "GND", "O", 70.866, 39.37, 23.622, 53.741, 90],
		[176, "U6_18", -544.65, 16.575, "T", "DIP", "GND", "GND", "O", 70.866, 39.37, 23.622, 53.741, 90],
		[177, "U6_18", -544.65, 16.575, "B", "DIP", "GND", "GND", "O", 70.866, 39.37, 23.622, 53.741, 90],
		[178, "U6_19", -375.35, 16.575, "T", "DIP", "GND", "GND", "O", 70.866, 39.37, 23.622, 53.741, 90],
		[179, "U6_19", -375.35, 16.575, "B", "DIP", "GND", "GND", "O", 70.866, 39.37, 23.622, 53.741, 90],
		[180, "U6_20", -375.35, 213.425, "T", "DIP", "GND", "GND", "O", 70.866, 39.37, 23.622, 53.741, 90],
		[181, "U6_20", -375.35, 213.425, "B", "DIP", "GND", "GND", "O", 70.866, 39.37, 23.622, 53.741, 90],
		[182, "U6_A1", -486.57, -36.575, "T", "DIP", "GND", "GND", "C", 31.496, 31.496, 19.686, 19.686, 90],
		[183, "U6_A1", -486.57, -36.575, "B", "DIP", "GND", "GND", "C", 31.496, 31.496, 19.686, 19.686, 90],
		[184, "U6_A12", -486.57, 266.575, "T", "DIP", "GND", "GND", "C", 31.496, 31.496, 19.686, 19.686, 90],
		[185, "U6_A12", -486.57, 266.575, "B", "DIP", "GND", "GND", "C", 31.496, 31.496, 19.686, 19.686, 90],
		[186, "U6_A4", -486.57, 6.725, "T", "DIP", "5V", "", "C", 31.496, 31.496, 19.686, 19.686, 90],
		[187, "U6_A4", -486.57, 6.725, "B", "DIP", "5V", "", "C", 31.496, 31.496, 19.686, 19.686, 90],
		[188, "U6_A5", -486.57, 50.035, "T", "DIP", "$1N2718", "", "C", 31.496, 31.496, 19.686, 19.686, 90],
		[189, "U6_A5", -486.57, 50.035, "B", "DIP", "$1N2718", "", "C", 31.496, 31.496, 19.686, 19.686, 90],
		[190, "U6_A6", -486.57, 93.345, "T", "DIP", "USB_DP", "", "C", 31.496, 31.496, 19.686, 19.686, 90],
		[191, "U6_A6", -486.57, 93.345, "B", "DIP", "USB_DP", "", "C", 31.496, 31.496, 19.686, 19.686, 90],
		[192, "U6_A7", -486.57, 136.645, "T", "DIP", "USB_DM", "", "C", 31.496, 31.496, 19.686, 19.686, 90],
		[193, "U6_A7", -486.57, 136.645, "B", "DIP", "USB_DM", "", "C", 31.496, 31.496, 19.686, 19.686, 90],
		[194, "U6_A8", -486.57, 179.955, "T", "DIP", "NET_27", "", "C", 31.496, 31.496, 19.686, 19.686, 90],
		[195, "U6_A8", -486.57, 179.955, "B", "DIP", "NET_27", "", "C", 31.496, 31.496, 19.686, 19.686, 90],
		[196, "U6_A9", -486.57, 223.265, "T", "DIP", "5V", "", "C", 31.496, 31.496, 19.686, 19.686, 90],
		[197, "U6_A9", -486.57, 223.265, "B", "DIP", "5V", "", "C", 31.496, 31.496, 19.686, 19.686, 90],
		[198, "U6_B1", -433.42, 266.575, "T", "DIP", "GND", "GND", "C", 31.496, 31.496, 19.686, 19.686, 90],
		[199, "U6_B1", -433.42, 266.575, "B", "DIP", "GND", "GND", "C", 31.496, 31.496, 19.686, 19.686, 90],
		[200, "U6_B12", -433.42, -36.575, "T", "DIP", "GND", "GND", "C", 31.496, 31.496, 19.686, 19.686, 90],
		[201, "U6_B12", -433.42, -36.575, "B", "DIP", "GND", "GND", "C", 31.496, 31.496, 19.686, 19.686, 90],
		[202, "U6_B4", -433.42, 223.265, "T", "DIP", "5V", "", "C", 31.496, 31.496, 19.686, 19.686, 90],
		[203, "U6_B4", -433.42, 223.265, "B", "DIP", "5V", "", "C", 31.496, 31.496, 19.686, 19.686, 90],
		[204, "U6_B5", -433.42, 179.955, "T", "DIP", "$1N2719", "", "C", 31.496, 31.496, 19.686, 19.686, 90],
		[205, "U6_B5", -433.42, 179.955, "B", "DIP", "$1N2719", "", "C", 31.496, 31.496, 19.686, 19.686, 90],
		[206, "U6_B6", -433.42, 136.645, "T", "DIP", "USB_DP", "", "C", 31.496, 31.496, 19.686, 19.686, 90],
		[207, "U6_B6", -433.42, 136.645, "B", "DIP", "USB_DP", "", "C", 31.496, 31.496, 19.686, 19.686, 90],
		[208, "U6_B7", -433.42, 93.345, "T", "DIP", "USB_DM", "", "C", 31.496, 31.496, 19.686, 19.686, 90],
		[209, "U6_B7", -433.42, 93.345, "B", "DIP", "USB_DM", "", "C", 31.496, 31.496, 19.686, 19.686, 90],
		[210, "U6_B8", -433.42, 50.035, "T", "DIP", "NET_28", "", "C", 31.496, 31.496, 19.686, 19.686, 90],
		[211, "U6_B8", -433.42, 50.035, "B", "DIP", "NET_28", "", "C", 31.496, 31.496, 19.686, 19.686, 90],
		[212, "U6_B9", -433.42, 6.725, "T", "DIP", "5V", "", "C", 31.496, 31.496, 19.686, 19.686, 90],
		[213, "U6_B9", -433.42, 6.725, "B", "DIP", "5V", "", "C", 31.496, 31.496, 19.686, 19.686, 90],
		[214, "U7_1", -90, -60.5, "T", "SMD", "GND", "GND", "R", 23.622, 47.244, 0, 0, 180],
		[215, "U7_2", -140, -60.5, "T", "SMD", "$1N3128", "", "R", 23.622, 47.244, 0, 0, 180],
		[216, "U7_3", -190, -60.5, "T", "SMD", "GND", "GND", "R", 23.622, 47.244, 0, 0, 180],
		[217, "U7_4", -240, -60.5, "T", "SMD", "5V", "", "R", 23.622, 47.244, 0, 0, 180],
		[218, "U7_5", -240, -289.5, "T", "SMD", "VBAT", "", "R", 23.622, 47.244, 0, 0, 180],
		[219, "U7_6", -190, -289.5, "T", "SMD", "$1N3136", "", "R", 23.622, 47.244, 0, 0, 180],
		[220, "U7_7", -140, -289.5, "T", "SMD", "$1N3135", "", "R", 23.622, 47.244, 0, 0, 180],
		[221, "U7_8", -90, -289.5, "T", "SMD", "5V", "", "R", 23.622, 47.244, 0, 0, 180],
		[222, "U7_9", -165, -175, "T", "SMD", "GND", "GND", "R", 129.921, 94.488, 0, 0, 0],
		[223, "U99_1", -300, -194.9999, "B", "SMD", "GND", "GND", "P", 98.4252, 62.9921, 0, 0, 0],
		[224, "U100_1", -300.889, -283.0149, "B", "SMD", "VBAT", "", "P", 98.4252, 62.9921, 0, 0, 0],
		[225, "PAD1_2", -320, -267.56, "T", "SMD", "VBAT", "", "R", 31.496, 35.433, 0, 0, 270],
		[226, "PAD2_1", -320, -212.44, "T", "SMD", "GND", "GND", "R", 31.496, 35.433, 0, 0, 270],
		[227, "PAD3_2", -320, -77.44, "T", "SMD", "5V", "", "R", 31.496, 35.433, 0, 0, 90],
		[228, "PAD4_1", -320, -132.56, "T", "SMD", "GND", "GND", "R", 31.496, 35.433, 0, 0, 90],
		[229, "PAD5_2", 197.56, 25, "T", "SMD", "3V3", "", "R", 31.496, 35.433, 0, 0, 0],
		[230, "PAD6_1", 142.44, 25, "T", "SMD", "GND", "GND", "R", 31.496, 35.433, 0, 0, 0],
		[231, "PAD7_2", 197.56, 235, "T", "SMD", "3V3", "", "R", 31.496, 35.433, 0, 0, 0],
		[232, "PAD8_1", 142.44, 235, "T", "SMD", "GND", "GND", "R", 31.496, 35.433, 0, 0, 0],
		[233, "PAD9_1", 349.6, -96.5, "T", "SMD", "LED1", "", "R", 31.5, 31.5, 0, 0, 0],
		[234, "PAD10_2", 349.8, -159.5, "T", "SMD", "$1N2070", "", "R", 31.5, 31.5, 0, 0, 0],
		[235, "PAD11_1", 554.6, -96.5, "T", "SMD", "LED2", "", "R", 31.5, 31.5, 0, 0, 0],
		[236, "PAD12_2", 554.8, -159.5, "T", "SMD", "$1N2071", "", "R", 31.5, 31.5, 0, 0, 0],
		[237, "PAD13_1", 80.4, -283.5, "T", "SMD", "$1N3136", "", "R", 31.5, 31.5, 0, 0, 180],
		[238, "PAD14_2", 80.2, -220.5, "T", "SMD", "$1N3145", "", "R", 31.5, 31.5, 0, 0, 180],
		[239, "PAD15_1", -4.6, -283.5, "T", "SMD", "$1N3135", "", "R", 31.5, 31.5, 0, 0, 180],
		[240, "PAD16_2", -4.8, -220.5, "T", "SMD", "$1N3139", "", "R", 31.5, 31.5, 0, 0, 180],
		[241, "PAD17_2", -580, -240.34, "T", "SMD", "GND", "GND", "R", 31.751, 34.016, 0, 0, 90],
		[242, "PAD18_1", -580, -299.66, "T", "SMD", "$1N736", "", "R", 31.751, 34.016, 0, 0, 90],
		[243, "PAD19_2", 280, -100.34, "T", "SMD", "GND", "GND", "R", 31.751, 34.016, 0, 0, 90],
		[244, "PAD20_1", 280, -159.66, "T", "SMD", "UWB_SLEEP", "", "R", 31.751, 34.016, 0, 0, 90],
		[245, "PAD21_2", 5.34, 25, "T", "SMD", "$1N3128", "", "R", 31.751, 34.016, 0, 0, 180],
		[246, "PAD22_1", 64.66, 25, "T", "SMD", "GND", "GND", "R", 31.751, 34.016, 0, 0, 180],
		[247, "PAD23_2", 625, -100.34, "T", "SMD", "NRST", "", "R", 31.751, 34.016, 0, 0, 90],
		[248, "PAD24_1", 625, -159.66, "T", "SMD", "3V3", "", "R", 31.751, 34.016, 0, 0, 90],
		[249, "PAD25_2", 420, -159.66, "T", "SMD", "$1N2070", "", "R", 31.751, 34.016, 0, 0, 270],
		[250, "PAD26_1", 420, -100.34, "T", "SMD", "3V3", "", "R", 31.751, 34.016, 0, 0, 270],
		[251, "PAD27_2", 485, -159.66, "T", "SMD", "$1N2071", "", "R", 31.751, 34.016, 0, 0, 270],
		[252, "PAD28_1", 485, -100.34, "T", "SMD", "3V3", "", "R", 31.751, 34.016, 0, 0, 270],
		[253, "PAD29_2", -124.66, 25, "T", "SMD", "ADC_BAT", "", "R", 31.751, 34.016, 0, 0, 180],
		[254, "PAD30_1", -65.34, 25, "T", "SMD", "GND", "GND", "R", 31.751, 34.016, 0, 0, 180],
		[255, "PAD31_2", -254.66, 25, "T", "SMD", "VBAT", "", "R", 31.751, 34.016, 0, 0, 180],
		[256, "PAD32_1", -195.34, 25, "T", "SMD", "ADC_BAT", "", "R", 31.751, 34.016, 0, 0, 180],
		[257, "PAD33_2", -489.66, -105, "T", "SMD", "$1N2718", "", "R", 31.751, 34.016, 0, 0, 180],
		[258, "PAD34_1", -430.34, -105, "T", "SMD", "GND", "GND", "R", 31.751, 34.016, 0, 0, 180],
		[259, "PAD35_2", -489.66, 340, "T", "SMD", "GND", "GND", "R", 31.751, 34.016, 0, 0, 180],
		[260, "PAD36_1", -430.34, 340, "T", "SMD", "$1N2719", "", "R", 31.751, 34.016, 0, 0, 180],
		[261, "PAD37_2", -5, -100.34, "T", "SMD", "5V", "", "R", 31.751, 34.016, 0, 0, 90],
		[262, "PAD38_1", -5, -159.66, "T", "SMD", "$1N3139", "", "R", 31.751, 34.016, 0, 0, 90],
		[263, "PAD39_2", 80, -100.34, "T", "SMD", "5V", "", "R", 31.751, 34.016, 0, 0, 90],
		[264, "PAD40_1", 80, -159.66, "T", "SMD", "$1N3145", "", "R", 31.751, 34.016, 0, 0, 90],
		[265, "PAD41_2", 140, 100.34, "T", "SMD", "CH340_TX", "", "R", 31.751, 34.016, 0, 0, 270],
		[266, "PAD42_1", 140, 159.66, "T", "SMD", "UART1_RX", "", "R", 31.751, 34.016, 0, 0, 270],
		[267, "PAD43_2", 200, 100.34, "T", "SMD", "CH340_RX", "", "R", 31.751, 34.016, 0, 0, 270],
		[268, "PAD44_1", 200, 159.66, "T", "SMD", "UART1_TX", "", "R", 31.751, 34.016, 0, 0, 270],
		[269, "PAD45_1", -460, -184.88, "T", "SMD", "UWB_RESET", "", "R", 60.236, 53.543, 0, 0, 270],
		[270, "PAD46_2", -460, -345.12, "T", "SMD", "$1N736", "", "R", 60.236, 53.543, 0, 0, 270],
		[271, "PAD47_1", 769.88, -125, "T", "SMD", "NRST", "", "R", 60.236, 53.543, 0, 0, 0],
		[272, "PAD48_2", 930.12, -125, "T", "SMD", "GND", "GND", "R", 60.236, 53.543, 0, 0, 0],
		[273, "PAD49_1", -41.26, 310, "T", "DIP", "4V2", "", "C", 60, 60, 36, 36, 180],
		[274, "PAD49_1", -41.26, 310, "B", "DIP", "4V2", "", "C", 60, 60, 36, 36, 180],
		[275, "PAD50_2", -120, 310, "T", "DIP", "VBAT", "", "C", 60, 60, 36, 36, 180],
		[276, "PAD50_2", -120, 310, "B", "DIP", "VBAT", "", "C", 60, 60, 36, 36, 180],
		[277, "PAD51_4", -1050, -305, "T", "SMD", "MK8000_RX", "", "O", 35.4331, 78.7402, 0, 0, 0],
		[278, "PAD52_2", -1150, -305, "T", "SMD", "GND", "GND", "O", 35.4331, 78.7402, 0, 0, 0],
		[279, "PAD53_11", -700, -305, "T", "SMD", "3V3", "", "O", 35.4331, 78.7402, 0, 0, 0],
		[280, "PAD54_1", -1200, -305, "T", "SMD", "GND", "GND", "O", 35.4331, 78.7402, 0, 0, 0],
		[281, "PAD55_3", -1100, -305, "T", "SMD", "UWB_RESET", "", "O", 35.4331, 78.7402, 0, 0, 0],
		[282, "PAD56_5", -1000, -305, "T", "SMD", "MK8000_TX", "", "O", 35.4331, 78.7402, 0, 0, 0],
		[283, "PAD57_22", -700, 305, "T", "SMD", "UWB_INT", "", "O", 35.4331, 78.7402, 0, 0, 0],
		[284, "PAD58_12", -1200, 305, "T", "SMD", "UWB_SLEEP", "", "O", 35.4331, 78.7402, 0, 0, 0],
		[285, "PAD59_1", 265, 1.91, "T", "SMD", "GND", "GND", "O", 22.047, 68.701, 0, 0, 0],
		[286, "PAD60_2", 315, 1.91, "T", "SMD", "CH340_TX", "", "O", 22.047, 68.701, 0, 0, 0],
		[287, "PAD61_3", 365, 1.91, "T", "SMD", "CH340_RX", "", "O", 22.047, 68.701, 0, 0, 0],
		[288, "PAD62_4", 415, 1.91, "T", "SMD", "3V3", "", "O", 22.047, 68.701, 0, 0, 0],
		[289, "PAD63_5", 465, 1.91, "T", "SMD", "USB_DP", "", "O", 22.047, 68.701, 0, 0, 0],
		[290, "PAD64_6", 515, 1.91, "T", "SMD", "USB_DM", "", "O", 22.047, 68.701, 0, 0, 0],
		[291, "PAD65_16", 265, 228.09, "T", "SMD", "3V3", "", "O", 22.047, 68.701, 0, 0, 0],
		[292, "PAD66_5", -181.185, 92.6, "T", "SMD", "3V3", "", "R", 39.37, 23.622, 0, 0, 0],
		[293, "PAD67_4", -181.185, 167.4, "T", "SMD", "GND", "GND", "R", 39.37, 23.622, 0, 0, 0],
		[294, "PAD68_3", -78.815, 167.4, "T", "SMD", "4V2", "", "R", 39.37, 23.622, 0, 0, 0],
		[295, "PAD69_2", -78.815, 130, "T", "SMD", "GND", "GND", "R", 39.37, 23.622, 0, 0, 0],
		[296, "PAD70_1", -78.815, 92.6, "T", "SMD", "4V2", "", "R", 39.37, 23.622, 0, 0, 0],
		[297, "PAD71_1", 679.84, 1.97, "T", "SMD", "UART1_RX", "", "O", 14.331, 68.583, 0, 0, 0],
		[298, "PAD72_2", 705.43, 1.97, "T", "SMD", "LED1", "", "O", 14.331, 68.583, 0, 0, 0],
		[299, "PAD73_3", 731.02, 1.97, "T", "SMD", "LED2", "", "O", 14.331, 68.583, 0, 0, 0],
		[300, "PAD74_4", 756.61, 1.97, "T", "SMD", "3V3", "", "O", 14.331, 68.583, 0, 0, 0],
		[301, "PAD75_5", 782.21, 1.97, "T", "SMD", "GND", "GND", "O", 14.331, 68.583, 0, 0, 0],
		[302, "PAD76_6", 807.8, 1.97, "T", "SMD", "NRST", "", "O", 14.331, 68.583, 0, 0, 0],
		[303, "PAD77_7", 833.39, 1.97, "T", "SMD", "ADC_BAT", "", "O", 14.331, 68.583, 0, 0, 0],
		[304, "PAD78_8", 858.98, 1.97, "T", "SMD", "G01_IRQ", "", "O", 14.331, 68.583, 0, 0, 0],
		[305, "PAD79_9", 884.57, 1.97, "T", "SMD", "UWB_TX", "", "O", 14.331, 68.583, 0, 0, 0],
		[306, "PAD80_10", 910.16, 1.97, "T", "SMD", "UWB_RX", "", "O", 14.331, 68.583, 0, 0, 0],
		[307, "PAD81_20", 679.84, 228.03, "T", "SMD", "UART1_TX", "", "O", 14.331, 68.583, 0, 0, 0],
		[308, "PAD82_19", 705.43, 228.03, "T", "SMD", "SWCLK", "", "O", 14.331, 68.583, 0, 0, 0],
		[309, "PAD83_18", 731.02, 228.03, "T", "SMD", "SWDIO", "", "O", 14.331, 68.583, 0, 0, 0],
		[310, "PAD84_17", 756.61, 228.03, "T", "SMD", "G01_CE", "", "O", 14.331, 68.583, 0, 0, 0],
		[311, "PAD85_16", 782.21, 228.03, "T", "SMD", "GPIO1", "", "O", 14.331, 68.583, 0, 0, 0],
		[312, "PAD86_15", 807.8, 228.03, "T", "SMD", "GPIO2", "", "O", 14.331, 68.583, 0, 0, 0],
		[313, "PAD87_14", 833.39, 228.03, "T", "SMD", "G01_MOSI", "", "O", 14.331, 68.583, 0, 0, 0],
		[314, "PAD88_13", 858.98, 228.03, "T", "SMD", "G01_MISO", "", "O", 14.331, 68.583, 0, 0, 0],
		[315, "PAD89_12", 884.57, 228.03, "T", "SMD", "G01_SCK", "", "O", 14.331, 68.583, 0, 0, 0],
		[316, "PAD90_11", 910.16, 228.03, "T", "SMD", "G01_CS", "", "O", 14.331, 68.583, 0, 0, 0],
		[317, "PAD91_1", -90, -60.5, "T", "SMD", "GND", "GND", "R", 23.622, 47.244, 0, 0, 180],
		[318, "PAD92_2", -140, -60.5, "T", "SMD", "$1N3128", "", "R", 23.622, 47.244, 0, 0, 180],
		[319, "PAD93_3", -190, -60.5, "T", "SMD", "GND", "GND", "R", 23.622, 47.244, 0, 0, 180],
		[320, "PAD94_4", -240, -60.5, "T", "SMD", "5V", "", "R", 23.622, 47.244, 0, 0, 180],
		[321, "PAD95_5", -240, -289.5, "T", "SMD", "VBAT", "", "R", 23.622, 47.244, 0, 0, 180],
		[322, "PAD96_6", -190, -289.5, "T", "SMD", "$1N3136", "", "R", 23.622, 47.244, 0, 0, 180],
		[323, "PAD97_7", -140, -289.5, "T", "SMD", "$1N3135", "", "R", 23.622, 47.244, 0, 0, 180],
		[324, "PAD98_8", -90, -289.5, "T", "SMD", "5V", "", "R", 23.622, 47.244, 0, 0, 180],
		[325, "PAD99_9", -165, -175, "T", "SMD", "GND", "GND", "R", 129.921, 94.488, 0, 0, 0],
		[326, "PAD100_A1", -486.57, -36.575, "T", "DIP", "GND", "GND", "C", 31.496, 31.496, 19.686, 19.686, 90],
		[327, "PAD100_A1", -486.57, -36.575, "B", "DIP", "GND", "GND", "C", 31.496, 31.496, 19.686, 19.686, 90],
		[328, "PAD101_A4", -486.57, 6.725, "T", "DIP", "5V", "", "C", 31.496, 31.496, 19.686, 19.686, 90],
		[329, "PAD101_A4", -486.57, 6.725, "B", "DIP", "5V", "", "C", 31.496, 31.496, 19.686, 19.686, 90],
		[330, "PAD102_A5", -486.57, 50.035, "T", "DIP", "$1N2718", "", "C", 31.496, 31.496, 19.686, 19.686, 90],
		[331, "PAD102_A5", -486.57, 50.035, "B", "DIP", "$1N2718", "", "C", 31.496, 31.496, 19.686, 19.686, 90],
		[332, "PAD103_A6", -486.57, 93.345, "T", "DIP", "USB_DP", "", "C", 31.496, 31.496, 19.686, 19.686, 90],
		[333, "PAD103_A6", -486.57, 93.345, "B", "DIP", "USB_DP", "", "C", 31.496, 31.496, 19.686, 19.686, 90],
		[334, "PAD104_A7", -486.57, 136.645, "T", "DIP", "USB_DM", "", "C", 31.496, 31.496, 19.686, 19.686, 90],
		[335, "PAD104_A7", -486.57, 136.645, "B", "DIP", "USB_DM", "", "C", 31.496, 31.496, 19.686, 19.686, 90],
		[336, "PAD105_A9", -486.57, 223.265, "T", "DIP", "5V", "", "C", 31.496, 31.496, 19.686, 19.686, 90],
		[337, "PAD105_A9", -486.57, 223.265, "B", "DIP", "5V", "", "C", 31.496, 31.496, 19.686, 19.686, 90],
		[338, "PAD106_A12", -486.57, 266.575, "T", "DIP", "GND", "GND", "C", 31.496, 31.496, 19.686, 19.686, 90],
		[339, "PAD106_A12", -486.57, 266.575, "B", "DIP", "GND", "GND", "C", 31.496, 31.496, 19.686, 19.686, 90],
		[340, "PAD107_B1", -433.42, 266.575, "T", "DIP", "GND", "GND", "C", 31.496, 31.496, 19.686, 19.686, 90],
		[341, "PAD107_B1", -433.42, 266.575, "B", "DIP", "GND", "GND", "C", 31.496, 31.496, 19.686, 19.686, 90],
		[342, "PAD108_B4", -433.42, 223.265, "T", "DIP", "5V", "", "C", 31.496, 31.496, 19.686, 19.686, 90],
		[343, "PAD108_B4", -433.42, 223.265, "B", "DIP", "5V", "", "C", 31.496, 31.496, 19.686, 19.686, 90],
		[344, "PAD109_B5", -433.42, 179.955, "T", "DIP", "$1N2719", "", "C", 31.496, 31.496, 19.686, 19.686, 90],
		[345, "PAD109_B5", -433.42, 179.955, "B", "DIP", "$1N2719", "", "C", 31.496, 31.496, 19.686, 19.686, 90],
		[346, "PAD110_B6", -433.42, 136.645, "T", "DIP", "USB_DP", "", "C", 31.496, 31.496, 19.686, 19.686, 90],
		[347, "PAD110_B6", -433.42, 136.645, "B", "DIP", "USB_DP", "", "C", 31.496, 31.496, 19.686, 19.686, 90],
		[348, "PAD111_B7", -433.42, 93.345, "T", "DIP", "USB_DM", "", "C", 31.496, 31.496, 19.686, 19.686, 90],
		[349, "PAD111_B7", -433.42, 93.345, "B", "DIP", "USB_DM", "", "C", 31.496, 31.496, 19.686, 19.686, 90],
		[350, "PAD112_B9", -433.42, 6.725, "T", "DIP", "5V", "", "C", 31.496, 31.496, 19.686, 19.686, 90],
		[351, "PAD112_B9", -433.42, 6.725, "B", "DIP", "5V", "", "C", 31.496, 31.496, 19.686, 19.686, 90],
		[352, "PAD113_B12", -433.42, -36.575, "T", "DIP", "GND", "GND", "C", 31.496, 31.496, 19.686, 19.686, 90],
		[353, "PAD113_B12", -433.42, -36.575, "B", "DIP", "GND", "GND", "C", 31.496, 31.496, 19.686, 19.686, 90],
		[354, "PAD114_17", -544.65, 213.425, "T", "DIP", "GND", "GND", "O", 70.866, 39.37, 23.622, 53.741, 90],
		[355, "PAD114_17", -544.65, 213.425, "B", "DIP", "GND", "GND", "O", 70.866, 39.37, 23.622, 53.741, 90],
		[356, "PAD115_18", -544.65, 16.575, "T", "DIP", "GND", "GND", "O", 70.866, 39.37, 23.622, 53.741, 90],
		[357, "PAD115_18", -544.65, 16.575, "B", "DIP", "GND", "GND", "O", 70.866, 39.37, 23.622, 53.741, 90],
		[358, "PAD116_19", -375.35, 16.575, "T", "DIP", "GND", "GND", "O", 70.866, 39.37, 23.622, 53.741, 90],
		[359, "PAD116_19", -375.35, 16.575, "B", "DIP", "GND", "GND", "O", 70.866, 39.37, 23.622, 53.741, 90],
		[360, "PAD117_20", -375.35, 213.425, "T", "DIP", "GND", "GND", "O", 70.866, 39.37, 23.622, 53.741, 90],
		[361, "PAD117_20", -375.35, 213.425, "B", "DIP", "GND", "GND", "O", 70.866, 39.37, 23.622, 53.741, 90],
		[362, "PAD118_1", -300, -194.9999, "B", "SMD", "GND", "GND", "P", 98.4252, 62.9921, 0, 0, 0],
		[363, "PAD119_1", -300.889, -283.0149, "B", "SMD", "VBAT", "", "P", 98.4252, 62.9921, 0, 0, 0],
		[364, "PAD120_2", 690, -102.44, "T", "SMD", "NRST", "", "R", 31.496, 35.433, 0, 0, 90],
		[365, "PAD121_1", 690, -157.56, "T", "SMD", "GND", "GND", "R", 31.496, 35.433, 0, 0, 90],
		[366, "PAD122_2", -5, 102.44, "T", "SMD", "4V2", "", "R", 31.496, 35.433, 0, 0, 270],
		[367, "PAD123_1", -5, 157.56, "T", "SMD", "GND", "GND", "R", 31.496, 35.433, 0, 0, 270],
		[368, "PAD124_2", 65, 102.44, "T", "SMD", "4V2", "", "R", 31.496, 35.433, 0, 0, 270],
		[369, "PAD125_1", 65, 157.56, "T", "SMD", "GND", "GND", "R", 31.496, 35.433, 0, 0, 270],
		[370, "PAD126_2", -250, 102.44, "T", "SMD", "3V3", "", "R", 31.496, 35.433, 0, 0, 270],
		[371, "PAD127_1", -250, 157.56, "T", "SMD", "GND", "GND", "R", 31.496, 35.433, 0, 0, 270],
		[372, "PAD128_1", 200, -345, "T", "DIP", "3V3", "", "R", 70.866, 70.866, 47.244, 47.244, 0],
		[373, "PAD128_1", 200, -345, "B", "DIP", "3V3", "", "R", 70.866, 70.866, 47.244, 47.244, 0],
		[374, "PAD129_2", 300, -345, "T", "DIP", "UWB_INT", "", "C", 70.866, 70.866, 47.244, 47.244, 0],
		[375, "PAD129_2", 300, -345, "B", "DIP", "UWB_INT", "", "C", 70.866, 70.866, 47.244, 47.244, 0],
		[376, "PAD130_3", 400, -345, "T", "DIP", "UWB_SLEEP", "", "C", 70.866, 70.866, 47.244, 47.244, 0],
		[377, "PAD130_3", 400, -345, "B", "DIP", "UWB_SLEEP", "", "C", 70.866, 70.866, 47.244, 47.244, 0],
		[378, "PAD131_4", 500, -345, "T", "DIP", "LED1", "", "C", 70.866, 70.866, 47.244, 47.244, 0],
		[379, "PAD131_4", 500, -345, "B", "DIP", "LED1", "", "C", 70.866, 70.866, 47.244, 47.244, 0],
		[380, "PAD132_5", 600, -345, "T", "DIP", "LED2", "", "C", 70.866, 70.866, 47.244, 47.244, 0],
		[381, "PAD132_5", 600, -345, "B", "DIP", "LED2", "", "C", 70.866, 70.866, 47.244, 47.244, 0],
		[382, "PAD133_6", 700, -345, "T", "DIP", "UWB_TX", "", "C", 70.866, 70.866, 47.244, 47.244, 0],
		[383, "PAD133_6", 700, -345, "B", "DIP", "UWB_TX", "", "C", 70.866, 70.866, 47.244, 47.244, 0],
		[384, "PAD134_7", 800, -345, "T", "DIP", "UWB_RX", "", "C", 70.866, 70.866, 47.244, 47.244, 0],
		[385, "PAD134_7", 800, -345, "B", "DIP", "UWB_RX", "", "C", 70.866, 70.866, 47.244, 47.244, 0],
		[386, "PAD135_8", 900, -345, "T", "DIP", "GND", "GND", "C", 70.866, 70.866, 47.244, 47.244, 0],
		[387, "PAD135_8", 900, -345, "B", "DIP", "GND", "GND", "C", 70.866, 70.866, 47.244, 47.244, 0],
		[388, "PAD136_1", 190, 345, "T", "DIP", "3V3", "", "R", 70.866, 70.866, 47.244, 47.244, 0],
		[389, "PAD136_1", 190, 345, "B", "DIP", "3V3", "", "R", 70.866, 70.866, 47.244, 47.244, 0],
		[390, "PAD137_2", 290, 345, "T", "DIP", "UART1_RX", "", "C", 70.866, 70.866, 47.244, 47.244, 0],
		[391, "PAD137_2", 290, 345, "B", "DIP", "UART1_RX", "", "C", 70.866, 70.866, 47.244, 47.244, 0],
		[392, "PAD138_3", 390, 345, "T", "DIP", "UART1_TX", "", "C", 70.866, 70.866, 47.244, 47.244, 0],
		[393, "PAD138_3", 390, 345, "B", "DIP", "UART1_TX", "", "C", 70.866, 70.866, 47.244, 47.244, 0],
		[394, "PAD139_4", 490, 345, "T", "DIP", "SWCLK", "", "C", 70.866, 70.866, 47.244, 47.244, 0],
		[395, "PAD139_4", 490, 345, "B", "DIP", "SWCLK", "", "C", 70.866, 70.866, 47.244, 47.244, 0],
		[396, "PAD140_5", 590, 345, "T", "DIP", "SWDIO", "", "C", 70.866, 70.866, 47.244, 47.244, 0],
		[397, "PAD140_5", 590, 345, "B", "DIP", "SWDIO", "", "C", 70.866, 70.866, 47.244, 47.244, 0],
		[398, "PAD141_6", 690, 345, "T", "DIP", "GPIO1", "", "C", 70.866, 70.866, 47.244, 47.244, 0],
		[399, "PAD141_6", 690, 345, "B", "DIP", "GPIO1", "", "C", 70.866, 70.866, 47.244, 47.244, 0],
		[400, "PAD142_7", 790, 345, "T", "DIP", "GPIO2", "", "C", 70.866, 70.866, 47.244, 47.244, 0],
		[401, "PAD142_7", 790, 345, "B", "DIP", "GPIO2", "", "C", 70.866, 70.866, 47.244, 47.244, 0],
		[402, "PAD143_8", 890, 345, "T", "DIP", "GND", "GND", "C", 70.866, 70.866, 47.244, 47.244, 0],
		[403, "PAD143_8", 890, 345, "B", "DIP", "GND", "GND", "C", 70.866, 70.866, 47.244, 47.244, 0],
		[404, "PAD144_2", 215, -159.66, "T", "SMD", "MK8000_RX", "", "R", 31.751, 34.016, 0, 0, 270],
		[405, "PAD145_1", 215, -100.34, "T", "SMD", "UWB_TX", "", "R", 31.751, 34.016, 0, 0, 270],
		[406, "PAD146_2", 150, -159.66, "T", "SMD", "MK8000_TX", "", "R", 31.751, 34.016, 0, 0, 270],
		[407, "PAD147_1", 150, -100.34, "T", "SMD", "UWB_RX", "", "R", 31.751, 34.016, 0, 0, 270],
		[408, "PAD148_1", 1029.3701, 175.1967, "T", "SMD", "3V3", "", "P", 78.7402, 39.3701, 0, 0, 180],
		[409, "PAD149_2", 1029.3701, 125.1967, "T", "SMD", "G01_CE", "", "P", 78.7402, 39.3701, 0, 0, 180],
		[410, "PAD150_3", 1029.3701, 75.1967, "T", "SMD", "G01_CS", "", "P", 78.7402, 39.3701, 0, 0, 180],
		[411, "PAD151_4", 1029.3701, 25.1967, "T", "SMD", "G01_SCK", "", "P", 78.7402, 39.3701, 0, 0, 180],
		[412, "PAD152_5", 1029.3701, -24.8033, "T", "SMD", "G01_MOSI", "", "P", 78.7402, 39.3701, 0, 0, 180],
		[413, "PAD153_6", 1029.3701, -74.8033, "T", "SMD", "G01_MISO", "", "P", 78.7402, 39.3701, 0, 0, 180],
		[414, "PAD154_7", 1029.3701, -124.8033, "T", "SMD", "G01_IRQ", "", "P", 78.7402, 39.3701, 0, 0, 180],
		[415, "PAD155_8", 1029.3701, -174.8033, "T", "SMD", "GND", "GND", "P", 78.7402, 39.3701, 0, 0, 180]
	]
}
}